Temps;Déplacement;Charge
(s);(mm);(N)
"0,00000";"-2,49496";"1231,54285"
"0,10000";"-2,49268";"1245,87170"
"0,20000";"-2,48491";"1430,61035"
"0,30000";"-2,47666";"1621,36072"
"0,40000";"-2,46901";"1791,89575"
"0,50000";"-2,46171";"1875,35022"
"0,60000";"-2,45496";"1958,72766"
"0,70000";"-2,44820";"2031,21338"
"0,80000";"-2,44138";"2096,95410"
"0,90000";"-2,43493";"2143,66040"
"1,00000";"-2,42817";"2195,01172"
"1,10000";"-2,42136";"2246,34546"
"1,20000";"-2,41496";"2290,30371"
"1,30000";"-2,40808";"2346,17285"
"1,40000";"-2,40139";"2394,00391"
"1,50000";"-2,39487";"2441,71313"
"1,60000";"-2,38805";"2495,05591"
"1,70000";"-2,38148";"2537,77930"
"1,80000";"-2,37490";"2583,70142"
"1,90000";"-2,36808";"2633,57129"
"2,00000";"-2,36157";"2670,74194"
"2,10000";"-2,35481";"2717,08203"
"2,20000";"-2,34799";"2758,12476"
"2,30000";"-2,34160";"2792,05908"
"2,40000";"-2,33478";"2833,33105"
"2,50000";"-2,32802";"2863,96460"
"2,60000";"-2,32163";"2890,68896"
"2,70000";"-2,31475";"2924,14478"
"2,80000";"-2,30811";"2950,06177"
"2,90000";"-2,30154";"2979,89258"
"3,00000";"-2,29466";"3005,62451"
"3,10000";"-2,28814";"3021,39551"
"3,20000";"-2,28145";"3057,81909"
"3,30000";"-2,27469";"3094,61572"
"3,40000";"-2,26823";"3133,21313"
"3,50000";"-2,26148";"3183,99707"
"3,60000";"-2,25472";"3231,30347"
"3,70000";"-2,24826";"3274,62476"
"3,80000";"-2,24139";"3330,66064"
"3,90000";"-2,23481";"3376,07422"
"4,00000";"-2,22818";"3425,48853"
"4,10000";"-2,22136";"3478,44775"
"4,20000";"-2,21484";"3525,54517"
"4,30000";"-2,20821";"3575,73511"
"4,40000";"-2,20133";"3628,85669"
"4,50000";"-2,19493";"3674,10669"
"4,60000";"-2,18812";"3727,61572"
"4,70000";"-2,18142";"3779,38672"
"4,80000";"-2,17496";"3824,92627"
"4,90000";"-2,16809";"3880,83203"
"5,00000";"-2,16151";"3928,56372"
"5,10000";"-2,15493";"3976,78760"
"5,20000";"-2,14806";"4032,83057"
"5,30000";"-2,14154";"4077,39575"
"5,40000";"-2,13484";"4131,49609"
"5,50000";"-2,12803";"4183,11523"
"5,60000";"-2,12157";"4230,56104"
"5,70000";"-2,11481";"4282,28760"
"5,80000";"-2,10806";"4333,89209"
"5,90000";"-2,10160";"4379,63525"
"6,00000";"-2,09467";"4436,63574"
"6,10000";"-2,08815";"4483,38623"
"6,20000";"-2,08157";"4530,45361"
"6,30000";"-2,07470";"4587,40332"
"6,40000";"-2,06818";"4629,71680"
"6,50000";"-2,06148";"4684,55811"
"6,60000";"-2,05473";"4735,25342"
"6,70000";"-2,04827";"4778,87598"
"6,80000";"-2,04145";"4834,40869"
"6,90000";"-2,03476";"4881,60010"
"7,00000";"-2,02824";"4926,79883"
"7,10000";"-2,02136";"4981,04834"
"7,20000";"-2,01485";"5025,65186"
"7,30000";"-2,00815";"5074,66602"
"7,40000";"-2,00133";"5126,33545"
"7,50000";"-1,99494";"5170,20361"
"7,60000";"-1,98818";"5222,55957"
"7,70000";"-1,98142";"5271,73340"
"7,80000";"-1,97497";"5317,03711"
"7,90000";"-1,96803";"5371,24365"
"8,00000";"-1,96169";"5418,56348"
"8,10000";"-1,95482";"5464,95410"
"8,20000";"-1,94800";"5523,69336"
"8,30000";"-1,94154";"5565,77051"
"8,40000";"-1,93491";"5614,97510"
"8,50000";"-1,92803";"5673,90674"
"8,60000";"-1,92151";"5713,53516"
"8,70000";"-1,91482";"5765,57959"
"8,80000";"-1,90800";"5817,53906"
"8,90000";"-1,90155";"5863,04248"
"9,00000";"-1,89479";"5917,11377"
"9,10000";"-1,88803";"5964,31006"
"9,20000";"-1,88164";"6008,22363"
"9,30000";"-1,87476";"6065,47803"
"9,40000";"-1,86806";"6111,40088"
"9,50000";"-1,86155";"6156,82031"
"9,60000";"-1,85467";"6212,74658"
"9,70000";"-1,84815";"6256,41992"
"9,80000";"-1,84158";"6306,17236"
"9,90000";"-1,83476";"6358,53955"
"10,00000";"-1,82824";"6401,69531"
"10,10000";"-1,82149";"6453,69092"
"10,20000";"-1,81473";"6504,56641"
"10,30000";"-1,80821";"6548,23877"
"10,40000";"-1,80140";"6602,93018"
"10,50000";"-1,79470";"6648,82080"
"10,60000";"-1,78824";"6694,41162"
"10,70000";"-1,78143";"6750,56592"
"10,80000";"-1,77485";"6794,52637"
"10,90000";"-1,76827";"6843,60352"
"11,00000";"-1,76140";"6897,44873"
"11,10000";"-1,75482";"6940,52344"
"11,20000";"-1,74819";"6993,16846"
"11,30000";"-1,74137";"7043,33545"
"11,40000";"-1,73485";"7088,69922"
"11,50000";"-1,72810";"7143,89014"
"11,60000";"-1,72146";"7191,12988"
"11,70000";"-1,71494";"7237,12988"
"11,80000";"-1,70807";"7294,92139"
"11,90000";"-1,70149";"7338,57910"
"12,00000";"-1,69491";"7389,70703"
"12,10000";"-1,68798";"7445,42090"
"12,20000";"-1,68152";"7487,37695"
"12,30000";"-1,67482";"7541,45996"
"12,40000";"-1,66801";"7593,16455"
"12,50000";"-1,66161";"7635,97803"
"12,60000";"-1,65479";"7693,53516"
"12,70000";"-1,64810";"7740,49463"
"12,80000";"-1,64158";"7786,10400"
"12,90000";"-1,63470";"7843,98828"
"13,00000";"-1,62813";"7887,90234"
"13,10000";"-1,62155";"7937,53467"
"13,20000";"-1,61468";"7993,46436"
"13,30000";"-1,60822";"8037,30176"
"13,40000";"-1,60164";"8088,56689"
"13,50000";"-1,59471";"8143,55762"
"13,60000";"-1,58825";"8188,67920"
"13,70000";"-1,58149";"8245,01562"
"13,80000";"-1,57480";"8293,60449"
"13,90000";"-1,56822";"8339,66895"
"14,00000";"-1,56146";"8398,49902"
"14,10000";"-1,55483";"8442,93848"
"14,20000";"-1,54825";"8491,10742"
"14,30000";"-1,54143";"8549,00293"
"14,40000";"-1,53486";"8594,25781"
"14,50000";"-1,52822";"8644,73926"
"14,60000";"-1,52134";"8699,45117"
"14,70000";"-1,51489";"8743,55762"
"14,80000";"-1,50819";"8797,17871"
"14,90000";"-1,50143";"8848,13379"
"15,00000";"-1,49498";"8890,48340"
"15,10000";"-1,48816";"8951,12695"
"15,20000";"-1,48140";"8996,29883"
"15,30000";"-1,47483";"9047,03906"
"15,40000";"-1,46801";"9103,70117"
"15,50000";"-1,46143";"9149,10547"
"15,60000";"-1,45492";"9200,15137"
"15,70000";"-1,44804";"9256,37207"
"15,80000";"-1,44158";"9300,31152"
"15,90000";"-1,43489";"9356,21582"
"16,00000";"-1,42801";"9408,94531"
"16,10000";"-1,42156";"9452,84180"
"16,20000";"-1,41474";"9512,54980"
"16,30000";"-1,40810";"9560,00879"
"16,40000";"-1,40159";"9608,68848"
"16,50000";"-1,39471";"9669,30957"
"16,60000";"-1,38819";"9715,44141"
"16,70000";"-1,38162";"9768,38672"
"16,80000";"-1,37468";"9825,12598"
"16,90000";"-1,36852";"9871,31348"
"17,00000";"-1,36147";"9929,77734"
"17,10000";"-1,35465";"9987,98633"
"17,20000";"-1,34819";"10034,21094"
"17,30000";"-1,34144";"10092,10449"
"17,40000";"-1,33486";"10144,82910"
"17,50000";"-1,32822";"10193,80859"
"17,60000";"-1,32141";"10258,16309"
"17,70000";"-1,31477";"10305,83984"
"17,80000";"-1,30825";"10358,12402"
"17,90000";"-1,30138";"10421,36133"
"18,00000";"-1,29480";"10467,93066"
"18,10000";"-1,28816";"10526,46973"
"18,20000";"-1,28135";"10583,79004"
"18,30000";"-1,27489";"10631,54199"
"18,40000";"-1,26814";"10693,25879"
"18,50000";"-1,26144";"10745,29980"
"18,60000";"-1,25492";"10799,42383"
"18,70000";"-1,24811";"10860,79590"
"18,80000";"-1,24141";"10911,99805"
"18,90000";"-1,23495";"10964,31641"
"19,00000";"-1,22802";"11029,25879"
"19,10000";"-1,22150";"11075,50684"
"19,20000";"-1,21492";"11134,82422"
"19,30000";"-1,20799";"11195,58984"
"19,40000";"-1,20147";"11244,35840"
"19,50000";"-1,19483";"11306,45898"
"19,60000";"-1,18808";"11361,97754"
"19,70000";"-1,18156";"11414,01855"
"19,80000";"-1,17480";"11478,20215"
"19,90000";"-1,16811";"11529,59277"
"20,00000";"-1,16159";"11584,89258"
"20,10000";"-1,15465";"11649,86133"
"20,20000";"-1,14808";"11699,03027"
"20,30000";"-1,14150";"11759,96973"
"20,40000";"-1,13463";"11822,46875"
"20,50000";"-1,12823";"11871,09277"
"20,60000";"-1,12153";"11934,95605"
"20,70000";"-1,11472";"11993,09570"
"20,80000";"-1,10826";"12046,27441"
"20,90000";"-1,10150";"12113,13184"
"21,00000";"-1,09475";"12168,26172"
"21,10000";"-1,08823";"12225,08398"
"21,20000";"-1,08135";"12292,39258"
"21,30000";"-1,07484";"12345,89551"
"21,40000";"-1,06826";"12406,38379"
"21,50000";"-1,06138";"12472,41797"
"21,60000";"-1,05487";"12524,96680"
"21,70000";"-1,04823";"12592,29883"
"21,80000";"-1,04135";"12653,51758"
"21,90000";"-1,03490";"12709,02734"
"22,00000";"-1,02814";"12779,41797"
"22,10000";"-1,02138";"12836,43555"
"22,20000";"-1,01493";"12894,93164"
"22,30000";"-1,00811";"12966,52832"
"22,40000";"-1,00147";"13021,76855"
"22,50000";"-0,99490";"13085,09375"
"22,60000";"-0,98802";"13154,37305"
"22,70000";"-0,98150";"13207,94629"
"22,80000";"-0,97487";"13275,17480"
"22,90000";"-0,96799";"13339,20215"
"23,00000";"-0,96159";"13395,75391"
"23,10000";"-0,95484";"13464,61621"
"23,20000";"-0,94802";"13526,93164"
"23,30000";"-0,94162";"13584,31836"
"23,40000";"-0,93481";"13656,85352"
"23,50000";"-0,92811";"13713,57129"
"23,60000";"-0,92160";"13775,00781"
"23,70000";"-0,91472";"13850,90918"
"23,80000";"-0,90820";"13901,78906"
"23,90000";"-0,90157";"13971,77148"
"24,00000";"-0,89469";"14041,36719"
"24,10000";"-0,88829";"14096,05859"
"24,20000";"-0,88154";"14166,35938"
"24,30000";"-0,87472";"14232,25879"
"24,40000";"-0,86820";"14269,11230"
"24,50000";"-0,86157";"14355,82812"
"24,60000";"-0,85481";"14407,20996"
"24,70000";"-0,84829";"14470,10742"
"24,80000";"-0,84142";"14548,63574"
"24,90000";"-0,83490";"14602,13086"
"25,00000";"-0,82826";"14670,96973"
"25,10000";"-0,82139";"14741,69531"
"25,20000";"-0,81487";"14798,83789"
"25,30000";"-0,80817";"14871,20410"
"25,40000";"-0,80130";"14937,17285"
"25,50000";"-0,79496";"14995,53320"
"25,60000";"-0,78815";"15069,59473"
"25,70000";"-0,78145";"15129,35059"
"25,80000";"-0,77493";"15194,76074"
"25,90000";"-0,76800";"15267,73438"
"26,00000";"-0,76142";"15327,16113"
"26,10000";"-0,75490";"15394,89062"
"26,20000";"-0,74797";"15467,25293"
"26,30000";"-0,74157";"15524,28711"
"26,40000";"-0,73487";"15600,38281"
"26,50000";"-0,72800";"15662,87598"
"26,60000";"-0,72154";"15731,83398"
"26,70000";"-0,71484";"15801,28223"
"26,80000";"-0,70803";"15864,67188"
"26,90000";"-0,70163";"15928,21777"
"27,00000";"-0,69487";"16003,13965"
"27,10000";"-0,68806";"16064,82129"
"27,20000";"-0,68154";"16129,09570"
"27,30000";"-0,67472";"16205,37793"
"27,40000";"-0,66821";"16263,35938"
"27,50000";"-0,66157";"16331,85254"
"27,60000";"-0,65464";"16404,91992"
"27,70000";"-0,64824";"16463,02734"
"27,80000";"-0,64154";"16535,54492"
"27,90000";"-0,63467";"16604,11523"
"28,00000";"-0,62827";"16663,91992"
"28,10000";"-0,62151";"16739,17188"
"28,20000";"-0,61476";"16801,36719"
"28,30000";"-0,60824";"16869,31445"
"28,40000";"-0,60136";"16940,71484"
"28,50000";"-0,59479";"17002,47461"
"28,60000";"-0,58827";"17071,16797"
"28,70000";"-0,58133";"17145,90039"
"28,80000";"-0,57488";"17201,52734"
"28,90000";"-0,56818";"17275,78320"
"29,00000";"-0,56136";"17346,43945"
"29,10000";"-0,55491";"17405,44922"
"29,20000";"-0,54815";"17481,65625"
"29,30000";"-0,54139";"17544,65430"
"29,40000";"-0,53488";"17611,11523"
"29,50000";"-0,52806";"17685,18750"
"29,60000";"-0,52148";"17743,37109"
"29,70000";"-0,51485";"17813,81445"
"29,80000";"-0,50803";"17885,42188"
"29,90000";"-0,50157";"17945,68555"
"30,00000";"-0,49488";"18018,45508"
"30,10000";"-0,48800";"18088,36523"
"30,20000";"-0,48160";"18147,66016"
"30,30000";"-0,47485";"18223,31641"
"30,40000";"-0,46803";"18288,65430"
"30,50000";"-0,46157";"18352,31836"
"30,60000";"-0,45482";"18426,79883"
"30,70000";"-0,44818";"18488,20508"
"30,80000";"-0,44155";"18562,49219"
"30,90000";"-0,43467";"18630,48438"
"31,00000";"-0,42821";"18689,40234"
"31,10000";"-0,42152";"18766,70312"
"31,20000";"-0,41464";"18833,71094"
"31,30000";"-0,40824";"18893,08008"
"31,40000";"-0,40155";"18967,48438"
"31,50000";"-0,39467";"19044,13281"
"31,60000";"-0,38827";"19099,16016"
"31,70000";"-0,38146";"19174,04883"
"31,80000";"-0,37470";"19241,74219"
"31,90000";"-0,36824";"19303,52930"
"32,00000";"-0,36143";"19379,78711"
"32,10000";"-0,35485";"19437,58594"
"32,20000";"-0,34827";"19509,95117"
"32,30000";"-0,34134";"19581,72852"
"32,40000";"-0,33488";"19639,03125"
"32,50000";"-0,32818";"19713,83594"
"32,60000";"-0,32131";"19780,10352"
"32,70000";"-0,31491";"19841,54102"
"32,80000";"-0,30816";"19914,60742"
"32,90000";"-0,30140";"19978,63281"
"33,00000";"-0,29494";"20044,09570"
"33,10000";"-0,28813";"20116,26758"
"33,20000";"-0,28149";"20175,52539"
"33,30000";"-0,27491";"20243,51562"
"33,40000";"-0,26798";"20319,18555"
"33,50000";"-0,26158";"20372,94531"
"33,60000";"-0,25482";"20450,13281"
"33,70000";"-0,24801";"20512,40234"
"33,80000";"-0,24155";"20573,17188"
"33,90000";"-0,23485";"20648,44141"
"34,00000";"-0,22816";"20708,13672"
"34,10000";"-0,22158";"20776,35742"
"34,20000";"-0,21470";"20845,70898"
"34,30000";"-0,20819";"20904,46680"
"34,40000";"-0,20161";"20973,90039"
"34,50000";"-0,19467";"21046,64648"
"34,60000";"-0,18822";"21100,72656"
"34,70000";"-0,18158";"21172,17578"
"34,80000";"-0,17470";"21241,54492"
"34,90000";"-0,16819";"21304,88867"
"35,00000";"-0,16149";"21372,53516"
"35,10000";"-0,15468";"21434,96875"
"35,20000";"-0,14822";"21500,50586"
"35,30000";"-0,14140";"21579,65039"
"35,40000";"-0,13477";"21630,54492"
"35,50000";"-0,12825";"21695,99609"
"35,60000";"-0,12137";"21771,34766"
"35,70000";"-0,11480";"21826,90234"
"35,80000";"-0,10822";"21896,32422"
"35,90000";"-0,10134";"21965,07617"
"36,00000";"-0,09489";"22019,95117"
"36,10000";"-0,08819";"22093,74805"
"36,20000";"-0,08131";"22156,38867"
"36,30000";"-0,07492";"22213,50391"
"36,40000";"-0,06816";"22282,78516"
"36,50000";"-0,06146";"22341,97070"
"36,60000";"-0,05489";"22409,26367"
"36,70000";"-0,04807";"22476,76367"
"36,80000";"-0,04143";"22528,71875"
"36,90000";"-0,03486";"22596,03320"
"37,00000";"-0,02798";"22664,94336"
"37,10000";"-0,02158";"22716,62109"
"37,20000";"-0,01495";"22782,98633"
"37,30000";"-0,00801";"22845,82031"
"37,40000";"-0,00155";"22901,87305"
"37,50000";"0,00520";"22970,30469"
"37,60000";"0,01196";"23028,83203"
"37,70000";"0,01847";"23086,89453"
"37,80000";"0,02523";"23153,82422"
"37,90000";"0,03181";"23205,29883"
"38,00000";"0,03844";"23270,75977"
"38,10000";"0,04526";"23334,54883"
"38,20000";"0,05178";"23387,11523"
"38,30000";"0,05841";"23451,25000"
"38,40000";"0,06529";"23512,81250"
"38,50000";"0,07175";"23565,63281"
"38,60000";"0,07850";"23631,37305"
"38,70000";"0,08532";"23687,84180"
"38,80000";"0,09172";"23744,50781"
"38,90000";"0,09859";"23811,77344"
"39,00000";"0,10523";"23861,88281"
"39,10000";"0,11175";"23921,58008"
"39,20000";"0,11856";"23983,14062"
"39,30000";"0,12514";"24033,28320"
"39,40000";"0,13178";"24100,23438"
"39,50000";"0,13865";"24156,02344"
"39,60000";"0,14511";"24202,96875"
"39,70000";"0,15187";"24271,80469"
"39,80000";"0,15868";"24328,15820"
"39,90000";"0,16508";"24381,31250"
"40,00000";"0,17189";"24443,22461"
"40,10000";"0,17859";"24493,72461"
"40,20000";"0,18511";"24550,16016"
"40,30000";"0,19192";"24612,92383"
"40,40000";"0,19856";"24657,86328"
"40,50000";"0,20508";"24718,64258"
"40,60000";"0,21195";"24784,28711"
"40,70000";"0,21847";"24830,76367"
"40,80000";"0,22511";"24889,30859"
"40,90000";"0,23192";"24943,54492"
"41,00000";"0,23844";"24997,63281"
"41,10000";"0,24514";"25054,37500"
"41,20000";"0,25183";"25095,32031"
"41,30000";"0,25835";"25161,35547"
"41,40000";"0,26523";"25234,16211"
"41,50000";"0,27192";"25281,95898"
"41,60000";"0,27844";"25322,67773"
"41,70000";"0,28532";"25380,50781"
"41,80000";"0,29189";"25438,31250"
"41,90000";"0,29847";"25503,72461"
"42,00000";"0,30534";"25539,33594"
"42,10000";"0,31168";"25555,19727"
"42,20000";"0,31850";"25643,93555"
"42,30000";"0,32531";"25720,71289"
"42,40000";"0,33177";"25773,80273"
"42,50000";"0,33859";"25796,77148"
"42,60000";"0,34522";"25825,12891"
"42,70000";"0,35174";"25908,71094"
"42,80000";"0,35862";"25986,56641"
"42,90000";"0,36513";"26023,07422"
"43,00000";"0,37177";"25958,04102"
"43,10000";"0,37871";"26068,04102"
"43,20000";"0,38510";"26159,16211"
"43,30000";"0,39186";"26244,36523"
"43,40000";"0,39862";"26298,11719"
"43,50000";"0,40513";"26217,61914"
"43,60000";"0,41189";"26305,08594"
"43,70000";"0,41847";"26396,74805"
"43,80000";"0,42504";"26484,64062"
"43,90000";"0,43192";"26555,91992"
"44,00000";"0,43856";"26402,96875"
"44,10000";"0,44513";"26535,01953"
"44,20000";"0,45201";"26641,72266"
"44,30000";"0,45853";"26731,08203"
"44,40000";"0,46510";"26795,83984"
"44,50000";"0,47198";"26809,60352"
"44,60000";"0,47844";"26763,79883"
"44,70000";"0,48519";"26877,84766"
"44,80000";"0,49201";"26964,84961"
"44,90000";"0,49841";"27036,77930"
"45,00000";"0,50528";"27091,31250"
"45,10000";"0,51192";"27040,73828"
"45,20000";"0,51843";"27127,31055"
"45,30000";"0,52525";"27219,71875"
"45,40000";"0,53183";"27283,01367"
"45,50000";"0,53846";"27348,83203"
"45,60000";"0,54534";"27372,72656"
"45,70000";"0,55180";"27341,42578"
"45,80000";"0,55849";"27432,88672"
"45,90000";"0,56531";"27513,96680"
"46,00000";"0,57177";"27579,41992"
"46,10000";"0,57852";"27636,33398"
"46,20000";"0,58528";"27496,07617"
"46,30000";"0,59174";"27603,40820"
"46,40000";"0,59861";"27710,09766"
"46,50000";"0,60513";"27783,60156"
"46,60000";"0,61177";"27855,63672"
"46,70000";"0,61864";"27912,56641"
"46,80000";"0,62510";"27920,62500"
"46,90000";"0,63186";"27848,91797"
"47,00000";"0,63867";"27944,27344"
"47,10000";"0,64507";"28030,00195"
"47,20000";"0,65188";"28110,99805"
"47,30000";"0,65858";"28166,59570"
"47,40000";"0,66510";"28203,63281"
"47,50000";"0,67197";"28117,72461"
"47,60000";"0,67855";"28198,96875"
"47,70000";"0,68513";"28290,29883"
"47,80000";"0,69194";"28364,46094"
"47,90000";"0,69840";"28420,01367"
"48,00000";"0,70510";"28480,15430"
"48,10000";"0,71197";"28512,05469"
"48,20000";"0,71843";"28414,50781"
"48,30000";"0,72525";"28496,90039"
"48,40000";"0,73200";"28580,04297"
"48,50000";"0,73846";"28651,14453"
"48,60000";"0,74528";"28716,45898"
"48,70000";"0,75185";"28756,24805"
"48,80000";"0,75843";"28772,11328"
"48,90000";"0,76537";"28670,33203"
"49,00000";"0,77182";"28762,75781"
"49,10000";"0,77846";"28851,17188"
"49,20000";"0,78533";"28920,67383"
"49,30000";"0,79173";"28969,89844"
"49,40000";"0,79849";"29035,69336"
"49,50000";"0,80524";"29071,72656"
"49,60000";"0,81176";"29100,28711"
"49,70000";"0,81864";"29039,09180"
"49,80000";"0,82533";"29040,02734"
"49,90000";"0,83179";"29122,97266"
"50,00000";"0,83861";"29196,33008"
"50,10000";"0,84512";"29245,25391"
"50,20000";"0,85176";"29295,45703"
"50,30000";"0,85864";"29341,24219"
"50,40000";"0,86509";"29364,56836"
"50,50000";"0,87179";"29385,09961"
"50,60000";"0,87867";"29320,12891"
"50,70000";"0,88506";"29352,88281"
"50,80000";"0,89194";"29425,66797"
"50,90000";"0,89858";"29470,67383"
"51,00000";"0,90515";"29520,70312"
"51,10000";"0,91197";"29564,13086"
"51,20000";"0,91855";"29591,67578"
"51,30000";"0,92512";"29627,14453"
"51,40000";"0,93200";"29659,26562"
"51,50000";"0,93840";"29678,79688"
"51,60000";"0,94515";"29710,37695"
"51,70000";"0,95203";"29729,45312"
"51,80000";"0,95843";"29722,86133"
"51,90000";"0,96524";"29688,53320"
"52,00000";"0,97194";"29691,20508"
"52,10000";"0,97845";"29732,08398"
"52,20000";"0,98527";"29771,36914"
"52,30000";"0,99179";"29786,67383"
"52,40000";"0,99842";"29814,29688"
"52,50000";"1,00536";"29833,33398"
"52,60000";"1,01182";"29834,45312"
"52,70000";"1,01851";"29853,76758"
"52,80000";"1,02533";"29862,84180"
"52,90000";"1,03173";"29859,45898"
"53,00000";"1,03848";"29868,30078"
"53,10000";"1,04536";"29862,20508"
"53,20000";"1,05182";"29850,32812"
"53,30000";"1,05863";"29851,66016"
"53,40000";"1,06521";"29821,96875"
"53,50000";"1,07179";"29801,88477"
"53,60000";"1,07866";"29780,75195"
"53,70000";"1,08512";"29737,56836"
"53,80000";"1,09188";"29703,82617"
"53,90000";"1,09875";"29658,16602"
"54,00000";"1,10515";"29595,08984"
"54,10000";"1,11191";"29544,33789"
"54,20000";"1,11872";"29474,09961"
"54,30000";"1,12512";"29400,38672"
"54,40000";"1,13187";"29327,71094"
"54,50000";"1,13863";"29240,64062"
"54,60000";"1,14515";"29152,61719"
"54,70000";"1,15202";"29059,26953"
"54,80000";"1,15860";"28941,15234"
"54,90000";"1,16524";"28829,58984"
"55,00000";"1,17211";"28710,87500"
"55,10000";"1,17851";"28568,98242"
"55,20000";"1,18521";"28435,66016"
"55,30000";"1,19202";"28279,81641"
"55,40000";"1,19848";"28111,46680"
"55,50000";"1,20536";"27936,62891"
"55,60000";"1,21205";"27729,37695"
"55,70000";"1,21857";"27497,72461"
"55,80000";"1,22545";"27250,75781"
"55,88800";"1,23113";"27000,17969"
"55,98000";"1,23734";"26745,12305"
"56,06600";"1,24314";"26491,02734"
"56,15200";"1,24876";"26240,04102"
"56,23600";"1,25456";"25985,71484"
"56,31600";"1,25970";"25729,53906"
"56,39000";"1,26485";"25478,02539"
"56,46000";"1,26933";"25224,83984"
"56,52400";"1,27364";"24969,23828"
"56,58600";"1,27788";"24711,31836"
"56,64000";"1,28129";"24452,05273"
"56,69200";"1,28494";"24192,42578"
"56,74000";"1,28816";"23940,90820"
"56,78400";"1,29091";"23685,91797"
"56,82600";"1,29372";"23429,39258"
"56,86600";"1,29659";"23178,78125"
"56,90400";"1,29911";"22926,18359"
"56,94000";"1,30132";"22664,83984"
"56,97400";"1,30359";"22407,94922"
"57,00600";"1,30592";"22156,89258"
"57,03800";"1,30813";"21891,26758"
"57,06800";"1,31005";"21623,48242"
"57,09600";"1,31184";"21367,35742"
"57,13400";"1,31435";"21116,97461"
"57,23400";"1,32105";"20869,27539"
"57,33400";"1,32775";"20757,99414"
"57,43400";"1,33414";"20716,64844"
"57,53400";"1,34090";"20731,24414"
"57,63400";"1,34754";"20766,17578"
"57,73400";"1,35399";"20830,72070"
"57,83400";"1,36087";"20916,11523"
"57,93400";"1,36745";"21000,61328"
"58,03400";"1,37402";"21104,84961"
"58,13400";"1,38096";"21213,42188"
"58,23400";"1,38742";"21316,87695"
"58,33400";"1,39405";"21434,85156"
"58,43400";"1,40087";"21542,78516"
"58,53400";"1,40733";"21659,97266"
"58,63400";"1,41408";"21780,34766"
"58,73400";"1,42084";"21893,25781"
"58,83400";"1,42735";"22013,29297"
"58,93400";"1,43423";"22139,08789"
"59,03400";"1,44081";"22251,07617"
"59,13400";"1,44732";"22372,27148"
"59,23400";"1,45426";"22499,11328"
"59,33400";"1,46066";"22615,63672"
"59,43400";"1,46735";"22746,54297"
"59,53400";"1,47423";"22864,22461"
"59,63400";"1,48069";"22986,72266"
"59,73400";"1,48744";"23121,83203"
"59,83400";"1,49420";"23234,80273"
"59,93400";"1,50072";"23367,66797"
"60,03400";"1,50741";"23514,35742"
"60,13400";"1,51405";"23661,62109"
"60,23400";"1,52063";"23825,08789"
"60,33400";"1,52756";"23994,95898"
"60,43400";"1,53402";"24156,37891"
"60,53400";"1,54066";"24334,33398"
"60,63400";"1,54753";"24506,32227"
"60,73400";"1,55399";"24673,37891"
"60,83400";"1,56069";"24855,97266"
"60,93400";"1,56744";"25029,93945"
"61,03400";"1,57390";"25207,97461"
"61,13400";"1,58077";"25393,10547"
"61,23400";"1,58741";"25562,24219"
"61,33400";"1,59399";"25748,23438"
"61,43400";"1,60086";"25930,40820"
"61,53400";"1,60732";"26098,72852"
"61,63400";"1,61396";"26282,40820"
"61,73400";"1,62083";"26461,76562"
"61,83400";"1,62735";"26648,30469"
"61,93400";"1,63399";"26833,51953"
"62,03400";"1,64086";"27008,24805"
"62,13400";"1,64732";"27188,55664"
"62,23400";"1,65414";"27387,66602"
"62,33400";"1,66077";"27557,01562"
"62,43400";"1,66735";"27741,22656"
"62,53400";"1,67417";"27927,30664"
"62,63400";"1,68068";"28099,44727"
"62,73400";"1,68732";"28290,14648"
"62,83400";"1,69425";"28473,87109"
"62,93400";"1,70071";"28646,88086"
"63,03400";"1,70735";"28828,85352"
"63,13400";"1,71428";"29007,23242"
"63,23400";"1,72068";"29183,08398"
"63,33400";"1,72738";"29365,61914"
"63,43400";"1,73413";"29530,33789"
"63,53400";"1,74065";"29703,08594"
"63,63400";"1,74747";"29879,25977"
"63,73400";"1,75404";"30029,50000"
"63,83400";"1,76068";"30180,97852"
"63,87800";"1,76373";"29926,15430"
"63,88800";"1,76451";"29652,34766"
"63,90200";"1,76552";"29375,42188"
"64,00200";"1,77204";"29458,43945"
"64,10200";"1,77874";"29692,31641"
"64,20200";"1,78531";"29903,30469"
"64,30200";"1,79183";"30097,41211"
"64,40200";"1,79871";"30263,65625"
"64,46200";"1,80253";"29944,98828"
"64,47000";"1,80313";"29617,52344"
"64,47800";"1,80367";"29325,34570"
"64,48800";"1,80439";"29062,05078"
"64,58800";"1,81126";"29115,68945"
"64,68800";"1,81796";"29348,71875"
"64,78800";"1,82424";"29580,97852"
"64,88800";"1,83105";"29825,07422"
"64,98800";"1,83769";"30037,02539"
"65,08800";"1,84421";"30238,72656"
"65,18800";"1,85102";"30408,41602"
"65,28800";"1,85760";"30541,79883"
"65,38800";"1,86430";"30664,46875"
"65,48800";"1,87117";"30755,01953"
"65,58800";"1,87763";"30823,67773"
"65,68800";"1,88439";"30931,49023"
"65,78800";"1,89120";"31032,13086"
"65,88800";"1,89760";"31129,56250"
"65,98800";"1,90442";"31234,17773"
"66,08800";"1,91111";"31315,37109"
"66,18800";"1,91763";"31396,28711"
"66,28800";"1,92450";"31476,17578"
"66,38800";"1,93096";"31539,84766"
"66,48800";"1,93760";"31624,42969"
"66,58800";"1,94447";"31706,69336"
"66,68800";"1,95087";"31789,89258"
"66,78800";"1,95763";"31878,37305"
"66,88800";"1,96444";"31948,56055"
"66,98800";"1,97096";"32016,97852"
"67,08800";"1,97778";"32092,82227"
"67,18800";"1,98435";"32154,22266"
"67,28800";"1,99093";"32224,73633"
"67,38800";"1,99775";"32305,16016"
"67,48800";"2,00438";"32370,82422"
"67,58800";"2,01084";"32444,78125"
"67,68800";"2,01778";"32517,90430"
"67,78800";"2,02423";"32576,87891"
"67,88800";"2,03099";"32649,91602"
"67,98800";"2,03786";"32712,13477"
"68,08800";"2,04426";"32767,89258"
"68,18800";"2,05108";"32841,90234"
"68,28800";"2,05783";"32899,41406"
"68,38800";"2,06429";"32961,35547"
"68,48800";"2,07111";"33034,64844"
"68,58800";"2,07774";"33092,33594"
"68,68800";"2,08432";"33152,13672"
"68,78800";"2,09120";"33213,33594"
"68,88800";"2,09771";"33264,84375"
"68,98800";"2,10429";"33329,25781"
"69,08800";"2,11123";"33389,85547"
"69,18800";"2,11756";"33437,32031"
"69,28800";"2,12438";"33506,68750"
"69,38800";"2,13114";"33557,43750"
"69,48800";"2,13759";"33615,17969"
"69,58800";"2,14441";"33679,03125"
"69,68800";"2,15105";"33725,11328"
"69,78800";"2,15768";"33781,60156"
"69,88800";"2,16450";"33836,28906"
"69,98800";"2,17102";"33884,26562"
"70,08800";"2,17765";"33939,55469"
"70,18800";"2,18453";"33991,34766"
"70,28800";"2,19099";"34038,80469"
"70,38800";"2,19774";"34099,61719"
"70,48800";"2,20450";"34145,74219"
"70,58800";"2,21096";"34190,42969"
"70,68800";"2,21777";"34247,33984"
"70,78800";"2,22447";"34296,80469"
"70,88800";"2,23093";"34338,04688"
"70,98800";"2,23780";"34390,94531"
"71,08800";"2,24444";"34429,76953"
"71,18800";"2,25101";"34477,62891"
"71,28800";"2,25783";"34526,27734"
"71,38800";"2,26429";"34564,76172"
"71,48800";"2,27104";"34615,03906"
"71,58800";"2,27780";"34654,91797"
"71,68800";"2,28420";"34691,58203"
"71,78800";"2,29107";"34744,40625"
"71,88800";"2,29783";"34778,00000"
"71,98800";"2,30429";"34813,71875"
"72,08800";"2,31116";"34860,43750"
"72,18800";"2,31780";"34888,04688"
"72,28800";"2,32426";"34924,13281"
"72,38800";"2,33113";"34963,39453"
"72,48800";"2,33765";"34994,65625"
"72,58800";"2,34435";"35035,09375"
"72,68800";"2,35122";"35068,89062"
"72,78800";"2,35768";"35097,05078"
"72,88800";"2,36444";"35135,70312"
"72,98800";"2,37119";"35161,59766"
"73,08800";"2,37759";"35188,16797"
"73,18800";"2,38446";"35226,85547"
"73,28800";"2,39110";"35246,13672"
"73,38800";"2,39762";"35272,96875"
"73,48800";"2,40449";"35307,44922"
"73,58800";"2,41107";"35323,28906"
"73,68800";"2,41771";"35352,48438"
"73,78800";"2,42446";"35374,23047"
"73,88800";"2,43104";"35395,23047"
"73,98800";"2,43774";"35421,02344"
"74,08800";"2,44449";"35439,50000"
"74,18800";"2,45089";"35456,54688"
"74,28800";"2,45777";"35485,25391"
"74,38800";"2,46446";"35497,55469"
"74,48800";"2,47092";"35512,54297"
"74,58800";"2,47786";"35538,27734"
"74,68800";"2,48437";"35545,56641"
"74,78800";"2,49101";"35564,06641"
"74,88800";"2,49789";"35583,62891"
"74,98800";"2,50428";"35591,67578"
"75,08800";"2,51104";"35612,09375"
"75,18800";"2,51785";"35623,32031"
"75,28800";"2,52431";"35636,72656"
"75,38800";"2,53113";"35656,72656"
"75,48800";"2,53782";"35658,37891"
"75,58800";"2,54428";"35670,33984"
"75,68800";"2,55110";"35690,28906"
"75,78800";"2,55773";"35693,17578"
"75,88800";"2,56431";"35705,19922"
"75,98800";"2,57119";"35717,36719"
"76,08800";"2,57770";"35724,36328"
"76,18800";"2,58440";"35739,27344"
"76,28800";"2,59128";"35746,34766"
"76,38800";"2,59767";"35746,59375"
"76,48800";"2,60443";"35764,70703"
"76,58800";"2,61113";"35766,16016"
"76,68800";"2,61758";"35771,15625"
"76,78800";"2,62446";"35788,92969"
"76,88800";"2,63116";"35788,21875"
"76,98800";"2,63767";"35796,32031"
"77,08800";"2,64449";"35804,38281"
"77,18800";"2,65107";"35807,70312"
"77,28800";"2,65764";"35817,67188"
"77,38800";"2,66446";"35823,41406"
"77,48800";"2,67092";"35823,09375"
"77,58800";"2,67767";"35836,36328"
"77,68800";"2,68455";"35839,35156"
"77,78800";"2,69101";"35840,45312"
"77,88800";"2,69782";"35854,35938"
"77,98800";"2,70452";"35853,19141"
"78,08800";"2,71098";"35857,64062"
"78,18800";"2,71785";"35865,74609"
"78,28800";"2,72431";"35860,82422"
"78,38800";"2,73100";"35872,64844"
"78,48800";"2,73788";"35877,10156"
"78,58800";"2,74434";"35877,30078"
"78,68800";"2,75103";"35883,19922"
"78,78800";"2,75791";"35885,53906"
"78,88800";"2,76431";"35886,89453"
"78,98800";"2,77112";"35897,37109"
"79,08800";"2,77776";"35893,51953"
"79,18800";"2,78428";"35895,35547"
"79,28800";"2,79115";"35914,50781"
"79,38800";"2,79773";"35903,01172"
"79,48800";"2,80437";"35908,61719"
"79,58800";"2,81124";"35913,15625"
"79,68800";"2,81764";"35910,23828"
"79,78800";"2,82434";"35919,94531"
"79,88800";"2,83115";"35920,64844"
"79,98800";"2,83761";"35919,76953"
"80,08800";"2,84443";"35927,30078"
"80,18800";"2,85124";"35934,17578"
"80,28800";"2,85770";"35926,91016"
"80,38800";"2,86451";"35934,59766"
"80,48800";"2,87115";"35928,72656"
"80,58800";"2,87761";"35929,66406"
"80,68800";"2,88448";"35938,64062"
"80,78800";"2,89094";"35930,51953"
"80,88800";"2,89764";"35936,14453"
"80,98800";"2,90451";"35940,39062"
"81,08800";"2,91097";"35936,71875"
"81,18800";"2,91767";"35943,28516"
"81,28800";"2,92454";"35942,16016"
"81,38800";"2,93094";"35938,43750"
"81,48800";"2,93776";"35947,87891"
"81,58800";"2,94445";"35939,98047"
"81,68800";"2,95097";"35941,79297"
"81,78800";"2,95785";"35948,79688"
"81,88800";"2,96442";"35939,60547"
"81,98800";"2,97100";"35944,91016"
"82,08800";"2,97794";"35950,30469"
"82,18800";"2,98439";"35940,41016"
"82,28800";"2,99109";"35946,90625"
"82,38800";"2,99784";"35943,41797"
"82,48800";"3,00430";"35942,37109"
"82,58800";"3,01112";"35950,39453"
"82,68800";"3,01787";"35943,05469"
"82,78800";"3,02433";"35942,25781"
"82,88800";"3,03115";"35949,79297"
"82,98800";"3,03778";"35941,19141"
"83,08800";"3,04430";"35942,60547"
"83,18800";"3,05118";"35949,07812"
"83,28800";"3,05763";"35940,18359"
"83,38800";"3,06439";"35947,13281"
"83,48800";"3,07127";"35945,76562"
"83,58800";"3,07766";"35936,72656"
"83,68800";"3,08442";"35943,51953"
"83,78800";"3,09112";"35938,09375"
"83,88800";"3,09763";"35936,99609"
"83,98800";"3,10445";"35942,66406"
"84,08800";"3,11109";"35931,96875"
"84,18800";"3,11766";"35933,73438"
"84,28800";"3,12460";"35939,35938"
"84,38800";"3,13106";"35927,68750"
"84,48800";"3,13769";"35928,93359"
"84,58800";"3,14451";"35928,76953"
"84,68800";"3,15097";"35924,55078"
"84,78800";"3,15772";"35929,13672"
"84,88800";"3,16448";"35922,44531"
"84,98800";"3,17094";"35917,57812"
"85,08800";"3,17787";"35927,43750"
"85,18800";"3,18451";"35920,92188"
"85,28800";"3,19091";"35915,32812"
"85,38800";"3,19784";"35920,10938"
"85,48800";"3,20436";"35908,58984"
"85,58800";"3,21099";"35914,36328"
"85,68800";"3,21787";"35909,16797"
"85,78800";"3,22433";"35899,75391"
"85,88800";"3,23102";"35903,94141"
"85,98800";"3,23790";"35901,87891"
"86,08800";"3,24430";"35892,91406"
"86,18800";"3,25111";"35899,89062"
"86,28800";"3,25781";"35888,26172"
"86,38800";"3,26427";"35886,14062"
"86,48800";"3,27114";"35891,00781"
"86,58800";"3,27766";"35878,15625"
"86,68800";"3,28430";"35881,30078"
"86,78800";"3,29117";"35880,19922"
"86,88800";"3,29769";"35873,08984"
"86,98800";"3,30439";"35874,35156"
"87,08800";"3,31126";"35870,42578"
"87,18800";"3,31766";"35860,78125"
"87,28800";"3,32442";"35862,03125"
"87,38800";"3,33111";"35853,16406"
"87,48800";"3,33763";"35848,46875"
"87,58800";"3,34456";"35857,84766"
"87,68800";"3,35114";"35843,37500"
"87,78800";"3,35766";"35840,91797"
"87,88800";"3,36453";"35842,15234"
"87,98800";"3,37099";"35827,87891"
"88,08800";"3,37769";"35830,20703"
"88,18800";"3,38444";"35822,42188"
"88,28800";"3,39096";"35818,79688"
"88,38800";"3,39778";"35823,78906"
"88,48800";"3,40453";"35811,77344"
"88,58800";"3,41105";"35811,41406"
"88,68800";"3,41781";"35810,02734"
"88,78800";"3,42444";"35795,73047"
"88,88800";"3,43090";"35790,89062"
"88,98800";"3,43784";"35793,43359"
"89,08800";"3,44435";"35779,35156"
"89,18800";"3,45099";"35784,33203"
"89,28800";"3,45793";"35778,53906"
"89,38800";"3,46432";"35766,02734"
"89,48800";"3,47114";"35768,08984"
"89,58800";"3,47790";"35758,25000"
"89,68800";"3,48435";"35750,57812"
"89,78800";"3,49111";"35750,74609"
"89,88800";"3,49774";"35735,84375"
"89,98800";"3,50432";"35735,15625"
"90,08800";"3,51120";"35733,11719"
"90,18800";"3,51771";"35717,05078"
"90,28800";"3,52429";"35713,51562"
"90,38800";"3,53123";"35713,00781"
"90,48800";"3,53768";"35699,63672"
"90,58800";"3,54438";"35698,86328"
"90,68800";"3,55120";"35689,48047"
"90,78800";"3,55765";"35679,05859"
"90,88800";"3,56447";"35679,56250"
"90,98800";"3,57117";"35665,79688"
"91,08800";"3,57768";"35660,23828"
"91,18800";"3,58456";"35658,31641"
"91,28800";"3,59108";"35640,49609"
"91,38800";"3,59765";"35638,10938"
"91,48800";"3,60453";"35635,48438"
"91,58800";"3,61099";"35618,62891"
"91,68800";"3,61768";"35618,32031"
"91,78800";"3,62456";"35610,70703"
"91,88800";"3,63096";"35596,66406"
"91,98800";"3,63777";"35595,44141"
"92,08800";"3,64447";"35580,67188"
"92,18800";"3,65099";"35573,23047"
"92,28800";"3,65780";"35570,76562"
"92,38800";"3,66444";"35553,08984"
"92,48800";"3,67102";"35546,72266"
"92,58800";"3,67789";"35543,73047"
"92,68800";"3,68435";"35525,62500"
"92,78800";"3,69104";"35522,34766"
"92,88800";"3,69792";"35513,75391"
"92,98800";"3,70426";"35497,05859"
"93,08800";"3,71101";"35495,26562"
"93,18800";"3,71777";"35482,29688"
"93,28800";"3,72435";"35471,98438"
"93,38800";"3,73116";"35466,15234"
"93,48800";"3,73774";"35447,62891"
"93,58800";"3,74432";"35439,12109"
"93,68800";"3,75119";"35433,68750"
"93,78800";"3,75771";"35413,57031"
"93,88800";"3,76429";"35406,11328"
"93,98800";"3,77116";"35395,69531"
"94,08800";"3,77768";"35382,21094"
"94,18800";"3,78444";"35378,64844"
"94,28800";"3,79125";"35359,87109"
"94,38800";"3,79765";"35345,88672"
"94,48800";"3,80447";"35340,01953"
"94,58800";"3,81116";"35322,83984"
"94,68800";"3,81762";"35309,63672"
"94,78800";"3,82443";"35304,20703"
"94,88800";"3,83101";"35282,72266"
"94,98800";"3,83759";"35273,65625"
"95,08800";"3,84452";"35265,74219"
"95,18800";"3,85098";"35245,67578"
"95,28800";"3,85768";"35242,18750"
"95,38800";"3,86449";"35222,14844"
"95,48800";"3,87101";"35207,94531"
"95,58800";"3,87777";"35201,70312"
"95,68800";"3,88452";"35183,36719"
"95,78800";"3,89098";"35170,90234"
"95,88800";"3,89786";"35163,11328"
"95,98800";"3,90437";"35138,98828"
"96,08800";"3,91101";"35128,29688"
"96,18800";"3,91789";"35118,00781"
"96,28800";"3,92434";"35095,93750"
"96,38800";"3,93104";"35088,76562"
"96,48800";"3,93791";"35072,00000"
"96,58800";"3,94437";"35050,63281"
"96,68800";"3,95113";"35043,71484"
"96,78800";"3,95783";"35024,21484"
"96,88800";"3,96434";"35009,04688"
"96,98800";"3,97116";"35000,68750"
"97,08800";"3,97767";"34974,94141"
"97,18800";"3,98431";"34971,66406"
"97,28800";"3,99119";"34957,72656"
"97,38800";"3,99770";"34932,90234"
"97,48800";"4,00434";"34920,10938"
"97,58800";"4,01122";"34905,08984"
"97,68800";"4,01767";"34887,12500"
"97,78800";"4,02443";"34878,84375"
"97,88800";"4,03125";"34869,85547"
"97,98800";"4,03764";"34844,08984"
"98,08800";"4,04446";"34830,86719"
"98,18800";"4,05110";"34806,22656"
"98,28800";"4,05767";"34792,38672"
"98,38800";"4,06461";"34783,78516"
"98,48800";"4,07113";"34759,19531"
"98,58800";"4,07770";"34751,11719"
"98,68800";"4,08458";"34734,71875"
"98,78800";"4,09104";"34708,20312"
"98,88800";"4,09767";"34696,65625"
"98,98800";"4,10455";"34679,82812"
"99,08800";"4,11101";"34663,26172"
"99,18800";"4,11776";"34654,12109"
"99,28800";"4,12452";"34627,63281"
"99,38800";"4,13098";"34611,76562"
"99,48800";"4,13785";"34601,88281"
"99,58800";"4,14437";"34575,01953"
"99,68800";"4,15095";"34563,52344"
"99,78800";"4,15782";"34552,37500"
"99,88800";"4,16440";"34530,72656"
"99,98800";"4,17097";"34517,42188"
"100,08800";"4,17785";"34499,44531"
"100,18800";"4,18437";"34476,07031"
"100,28800";"4,19100";"34465,12500"
"100,38800";"4,19776";"34444,64062"
"100,48800";"4,20428";"34426,50391"
"100,58800";"4,21109";"34416,07812"
"100,68800";"4,21773";"34390,07422"
"100,78800";"4,22431";"34377,25000"
"100,88800";"4,23118";"34364,79297"
"100,98800";"4,23776";"34339,11328"
"101,08800";"4,24434";"34326,55859"
"101,18800";"4,25121";"34311,30469"
"101,28800";"4,25767";"34288,59766"
"101,38800";"4,26443";"34278,23047"
"101,48800";"4,27124";"34257,32422"
"101,58800";"4,27770";"34235,04688"
"101,68800";"4,28451";"34224,64453"
"101,78800";"4,29115";"34200,56250"
"101,88800";"4,29767";"34185,94141"
"101,98800";"4,30454";"34173,25781"
"102,08800";"4,31106";"34145,98438"
"102,18800";"4,31764";"34135,05078"
"102,28800";"4,32457";"34122,26562"
"102,38800";"4,33103";"34095,45703"
"102,48800";"4,33767";"34084,15234"
"102,58800";"4,34454";"34063,83203"
"102,68800";"4,35100";"34045,42969"
"102,78800";"4,35776";"34032,79297"
"102,88800";"4,36445";"34008,18359"
"102,98800";"4,37097";"33992,05859"
"103,08800";"4,37785";"33982,95703"
"103,18800";"4,38436";"33955,94141"
"103,28800";"4,39100";"33940,34766"
"103,38800";"4,39788";"33927,05078"
"103,48800";"4,40439";"33901,44531"
"103,58800";"4,41103";"33887,67578"
"103,68800";"4,41785";"33868,46875"
"103,78800";"4,42424";"33845,08594"
"103,88800";"4,43106";"33837,50781"
"103,98800";"4,43781";"33812,10156"
"104,08800";"4,44433";"33795,51172"
"104,18800";"4,45115";"33782,39062"
"104,28800";"4,45778";"33754,73438"
"104,38800";"4,46430";"33740,70312"
"104,48800";"4,47118";"33726,67188"
"104,58800";"4,47769";"33700,73047"
"104,68800";"4,48433";"33685,76562"
"104,78800";"4,49127";"33673,40234"
"104,88800";"4,49766";"33647,42578"
"104,98800";"4,50442";"33638,02344"
"105,08800";"4,51118";"33613,31641"
"105,18800";"4,51763";"33593,46875"
"105,28800";"4,52445";"33583,39844"
"105,38800";"4,53103";"33555,30859"
"105,48800";"4,53766";"33543,80859"
"105,58800";"4,54454";"33529,68359"
"105,68800";"4,55106";"33502,38281"
"105,78800";"4,55769";"33486,95312"
"105,88800";"4,56463";"33471,93750"
"105,98800";"4,57097";"33444,89062"
"106,08800";"4,57766";"33431,78516"
"106,18800";"4,58448";"33412,96875"
"106,28800";"4,59100";"33394,76562"
"106,38800";"4,59775";"33381,87500"
"106,48800";"4,60445";"33353,97656"
"106,58800";"4,61103";"33339,85547"
"106,68800";"4,61784";"33329,00000"
"106,78800";"4,62436";"33299,17188"
"106,88800";"4,63099";"33284,39453"
"106,98800";"4,63781";"33267,97656"
"107,08800";"4,64433";"33244,62891"
"107,18800";"4,65102";"33227,73438"
"107,28800";"4,65790";"33209,17188"
"107,38800";"4,66430";"33186,41797"
"107,48800";"4,67105";"33174,09766"
"107,58800";"4,67781";"33151,31641"
"107,68800";"4,68433";"33131,72266"
"107,78800";"4,69114";"33120,14062"
"107,88800";"4,69772";"33091,35938"
"107,98800";"4,70436";"33077,60547"
"108,08800";"4,71123";"33061,55078"
"108,18800";"4,71769";"33033,46875"
"108,28800";"4,72439";"33020,92969"
"108,38800";"4,73132";"33005,22656"
"108,48800";"4,73772";"32978,59766"
"108,58800";"4,74442";"32963,59375"
"108,68800";"4,75117";"32939,75781"
"108,78800";"4,75769";"32920,62500"
"108,88800";"4,76445";"32908,60547"
"108,98800";"4,77108";"32881,28125"
"109,08800";"4,77766";"32866,43750"
"109,18800";"4,78453";"32852,87109"
"109,28800";"4,79093";"32822,37500"
"109,38800";"4,79769";"32812,60547"
"109,48800";"4,80456";"32792,14062"
"109,58800";"4,81096";"32767,67188"
"109,68800";"4,81766";"32753,76172"
"109,78800";"4,82453";"32733,59766"
"109,88800";"4,83099";"32710,67969"
"109,98800";"4,83781";"32696,53711"
"110,08800";"4,84444";"32673,22852"
"110,18800";"4,85096";"32653,70508"
"110,28800";"4,85784";"32639,44922"
"110,38800";"4,86429";"32609,32227"
"110,48800";"4,87105";"32598,28906"
"110,58800";"4,87793";"32581,37500"
"110,68800";"4,88438";"32553,01172"
"110,78800";"4,89114";"32541,10547"
"110,88800";"4,89796";"32519,13281"
"110,98800";"4,90435";"32493,29883"
"111,08800";"4,91111";"32482,90430"
"111,18800";"4,91781";"32458,87500"
"111,28800";"4,92432";"32438,64258"
"111,38800";"4,93126";"32424,55078"
"111,48800";"4,93778";"32396,43945"
"111,58800";"4,94435";"32381,39844"
"111,68800";"4,95123";"32362,37109"
"111,78800";"4,95768";"32335,21289"
"111,88800";"4,96438";"32321,13672"
"111,98800";"4,97120";"32303,83008"
"112,08800";"4,97759";"32276,58008"
"112,18800";"4,98441";"32265,17188"
"112,28800";"4,99117";"32239,17578"
"112,38800";"4,99768";"32218,87109"
"112,48800";"5,00450";"32204,52930"
"112,58800";"5,01108";"32174,29492"
"112,68800";"5,01765";"32159,49219"
"112,78800";"5,02453";"32142,66211"
"112,88800";"5,03099";"32114,16211"
"112,98800";"5,03768";"32100,81250"
"113,08800";"5,04456";"32082,90625"
"113,18800";"5,05096";"32057,15039"
"113,28800";"5,05771";"32040,42578"
"113,38800";"5,06453";"32018,40430"
"113,48800";"5,07099";"31993,82812"
"113,58800";"5,07780";"31982,35352"
"113,68800";"5,08444";"31956,27539"
"113,78800";"5,09101";"31936,73242"
"113,88800";"5,09783";"31918,29883"
"113,98800";"5,10441";"31892,71094"
"114,08800";"5,11104";"31876,41406"
"114,18800";"5,11792";"31854,10742"
"114,28800";"5,12426";"31828,21484"
"114,38800";"5,13101";"31814,13672"
"114,48800";"5,13783";"31790,45312"
"114,58800";"5,14429";"31765,29492"
"114,68800";"5,15110";"31753,37695"
"114,78800";"5,15780";"31729,49805"
"114,88800";"5,16432";"31708,20703"
"114,98800";"5,17119";"31691,42578"
"115,08800";"5,17771";"31660,32227"
"115,18800";"5,18441";"31649,17773"
"115,28800";"5,19128";"31628,11133"
"115,38800";"5,19762";"31597,03320"
"115,48800";"5,20444";"31586,45312"
"115,58800";"5,21125";"31564,50781"
"115,68800";"5,21765";"31539,45508"
"115,78800";"5,22447";"31525,53125"
"115,88800";"5,23116";"31497,86328"
"115,98800";"5,23762";"31474,62695"
"116,08800";"5,24444";"31462,13281"
"116,18800";"5,25101";"31430,24805"
"116,28800";"5,25771";"31412,25195"
"116,38800";"5,26458";"31394,80664"
"116,48800";"5,27104";"31361,86328"
"116,58800";"5,27774";"31350,05469"
"116,68800";"5,28455";"31325,71484"
"116,78800";"5,29095";"31297,77539"
"116,88800";"5,29771";"31282,97266"
"116,98800";"5,30452";"31260,25195"
"117,08800";"5,31098";"31236,50781"
"117,18800";"5,31774";"31219,69336"
"117,28800";"5,32443";"31190,81055"
"117,38800";"5,33101";"31170,98828"
"117,48800";"5,33783";"31154,48047"
"117,58800";"5,34434";"31123,19336"
"117,68800";"5,35104";"31107,39844"
"117,78800";"5,35792";"31085,21484"
"117,88800";"5,36431";"31056,72852"
"117,98800";"5,37113";"31043,90234"
"118,08800";"5,37794";"31016,74609"
"118,18800";"5,38428";"30988,50195"
"118,28800";"5,39110";"30975,25000"
"118,38800";"5,39779";"30949,52930"
"118,48800";"5,40431";"30927,50586"
"118,58800";"5,41113";"30908,83398"
"118,68800";"5,41770";"30881,33984"
"118,78800";"5,42434";"30863,50195"
"118,88800";"5,43128";"30844,61914"
"118,98800";"5,43762";"30810,13281"
"119,08800";"5,44443";"30796,45703"
"119,18800";"5,45119";"30770,81836"
"119,28800";"5,45764";"30743,78711"
"119,38800";"5,46446";"30729,43945"
"119,48800";"5,47116";"30699,75586"
"119,58800";"5,47767";"30677,67383"
"119,68800";"5,48449";"30661,23633"
"119,78800";"5,49113";"30631,96484"
"119,88800";"5,49770";"30610,91602"
"119,98800";"5,50452";"30588,77344"
"120,08800";"5,51098";"30559,28125"
"120,18800";"5,51767";"30543,84961"
"120,28800";"5,52449";"30519,87500"
"120,38800";"5,53095";"30490,99219"
"120,48800";"5,53782";"30479,60352"
"120,58800";"5,54458";"30448,73828"
"120,68800";"5,55104";"30420,18945"
"120,78800";"5,55785";"30408,37891"
"120,88800";"5,56443";"30373,62109"
"120,98800";"5,57100";"30355,39453"
"121,08800";"5,57782";"30338,15234"
"121,18800";"5,58434";"30305,62695"
"121,28800";"5,59103";"30290,48438"
"121,38800";"5,59791";"30263,71875"
"121,48800";"5,60431";"30234,07227"
"121,58800";"5,61106";"30215,71094"
"121,68800";"5,61782";"30190,52148"
"121,78800";"5,62428";"30162,02539"
"121,88800";"5,63109";"30145,25977"
"121,98800";"5,63779";"30116,81055"
"122,08800";"5,64437";"30090,48438"
"122,18800";"5,65124";"30075,11523"
"122,28800";"5,65770";"30040,04883"
"122,38800";"5,66434";"30022,62695"
"122,48800";"5,67121";"29996,89258"
"122,58800";"5,67767";"29970,07617"
"122,68800";"5,68437";"29951,00391"
"122,78800";"5,69118";"29926,45703"
"122,88800";"5,69770";"29896,64453"
"122,98800";"5,70452";"29878,02930"
"123,08800";"5,71115";"29849,46875"
"123,18800";"5,71761";"29818,61914"
"123,28800";"5,72448";"29803,51367"
"123,38800";"5,73100";"29770,94336"
"123,48800";"5,73758";"29752,76367"
"123,58800";"5,74451";"29729,75977"
"123,68800";"5,75097";"29697,61719"
"123,78800";"5,75773";"29682,46680"
"123,88800";"5,76454";"29652,24023"
"123,98800";"5,77094";"29624,13086"
"124,08800";"5,77776";"29606,36328"
"124,18800";"5,78445";"29576,76562"
"124,28800";"5,79097";"29550,98828"
"124,38800";"5,79779";"29530,26953"
"124,48800";"5,80436";"29499,77539"
"124,58800";"5,81100";"29479,08594"
"124,68800";"5,81794";"29456,96680"
"124,78800";"5,82439";"29422,49805"
"124,88800";"5,83109";"29403,72266"
"124,98800";"5,83797";"29376,06641"
"125,08800";"5,84436";"29345,97656"
"125,18800";"5,85106";"29325,96289"
"125,28800";"5,85787";"29296,04297"
"125,38800";"5,86433";"29268,21680"
"125,48800";"5,87115";"29251,09570"
"125,58800";"5,87784";"29218,19141"
"125,68800";"5,88436";"29190,68945"
"125,78800";"5,89124";"29169,25195"
"125,88800";"5,89775";"29136,60156"
"125,98800";"5,90433";"29111,94922"
"126,08800";"5,91121";"29088,11328"
"126,18800";"5,91767";"29055,85156"
"126,28800";"5,92442";"29038,79492"
"126,38800";"5,93118";"29009,70508"
"126,48800";"5,93763";"28976,98828"
"126,58800";"5,94445";"28958,47852"
"126,68800";"5,95109";"28925,49414"
"126,78800";"5,95760";"28897,90234"
"126,88800";"5,96448";"28879,73828"
"126,98800";"5,97118";"28845,82812"
"127,08800";"5,97775";"28821,08398"
"127,18800";"5,98463";"28794,97656"
"127,28800";"5,99103";"28763,33984"
"127,38800";"5,99778";"28742,61133"
"127,48800";"6,00454";"28712,09766"
"127,58800";"6,01094";"28680,21680"
"127,68800";"6,01781";"28663,29492"
"127,78800";"6,02451";"28629,37500"
"127,88800";"6,03103";"28602,44727"
"127,98800";"6,03784";"28582,50195"
"128,08800";"6,04442";"28546,37109"
"128,18800";"6,05100";"28522,03906"
"128,28800";"6,05787";"28496,90039"
"128,38800";"6,06433";"28462,71094"
"128,48800";"6,07102";"28440,07031"
"128,58800";"6,07790";"28412,08203"
"128,68800";"6,08430";"28380,35156"
"128,78800";"6,09111";"28361,16016"
"128,88800";"6,09781";"28324,14453"
"128,98800";"6,10433";"28295,66016"
"129,08800";"6,11114";"28275,63867"
"129,18800";"6,11778";"28239,13477"
"129,28800";"6,12430";"28210,18164"
"129,38800";"6,13117";"28189,90625"
"129,48800";"6,13769";"28154,70117"
"129,58800";"6,14439";"28131,16602"
"129,68800";"6,15120";"28100,52930"
"129,78800";"6,15766";"28067,06445"
"129,88800";"6,16448";"28047,82617"
"129,98800";"6,17117";"28012,96094"
"130,08800";"6,17763";"27979,86523"
"130,18800";"6,18445";"27958,19922"
"130,28800";"6,19114";"27926,31641"
"130,38800";"6,19766";"27894,58594"
"130,48800";"6,20454";"27872,84570"
"130,58800";"6,21111";"27835,90234"
"130,68800";"6,21769";"27810,11133"
"130,78800";"6,22456";"27782,73438"
"130,88800";"6,23096";"27743,14258"
"130,98800";"6,23772";"27726,40625"
"131,08800";"6,24453";"27693,60156"
"131,18800";"6,25099";"27661,96680"
"131,28800";"6,25781";"27636,34570"
"131,38800";"6,26444";"27600,71094"
"131,48800";"6,27096";"27570,82031"
"131,58800";"6,27784";"27548,61328"
"131,68800";"6,28441";"27512,85742"
"131,78800";"6,29093";"27482,53320"
"131,88800";"6,29793";"27459,24219"
"131,98800";"6,30438";"27420,11914"
"132,08800";"6,31102";"27395,45117"
"132,18800";"6,31790";"27362,87695"
"132,28800";"6,32429";"27328,73828"
"132,38800";"6,33111";"27303,20117"
"132,48800";"6,33775";"27265,19336"
"132,58800";"6,34432";"27235,74023"
"132,68800";"6,35120";"27214,56836"
"132,78800";"6,35778";"27174,74609"
"132,88800";"6,36435";"27145,48633"
"132,98800";"6,37123";"27115,89844"
"133,08800";"6,37775";"27087,02734"
"133,18800";"6,38432";"27052,97461"
"133,28800";"6,39120";"27021,00195"
"133,38800";"6,39759";"26985,85352"
"133,48800";"6,40441";"26963,62500"
"133,58800";"6,41117";"26928,44531"
"133,68800";"6,41739";"26896,03516"
"133,78800";"6,42456";"26875,00391"
"133,88800";"6,43120";"26829,28125"
"133,98800";"6,43771";"26794,87109"
"134,08800";"6,44453";"26768,23438"
"134,18800";"6,45105";"26731,71680"
"134,28800";"6,45768";"26704,68164"
"134,38800";"6,46456";"26674,00586"
"134,48800";"6,47102";"26637,18750"
"134,58800";"6,47777";"26609,38477"
"134,68800";"6,48453";"26572,37891"
"134,78800";"6,49099";"26534,99023"
"134,88800";"6,49780";"26512,58984"
"134,98800";"6,50450";"26473,72461"
"135,08800";"6,51102";"26438,96680"
"135,18800";"6,51789";"26411,87109"
"135,28800";"6,52447";"26370,74609"
"135,38800";"6,53104";"26339,14648"
"135,48800";"6,53792";"26309,98242"
"135,58800";"6,54438";"26270,57227"
"135,68800";"6,55102";"26240,27148"
"135,78800";"6,55789";"26207,41211"
"135,88800";"6,56429";"26171,00781"
"135,98800";"6,57110";"26142,32812"
"136,08800";"6,57780";"26104,22461"
"136,18800";"6,58426";"26067,67383"
"136,28800";"6,59119";"26044,01367"
"136,38800";"6,59783";"26003,38477"
"136,48800";"6,60435";"25966,16797"
"136,58800";"6,61122";"25936,50195"
"136,68800";"6,61768";"25895,65234"
"136,78800";"6,62438";"25867,50000"
"136,88800";"6,63125";"25831,59180"
"136,98800";"6,63771";"25792,17773"
"137,08800";"6,64447";"25763,69141"
"137,18800";"6,65122";"25725,21875"
"137,28800";"6,65768";"25687,78711"
"137,38800";"6,66444";"25659,81445"
"137,48800";"6,67101";"25616,65234"
"137,58800";"6,67759";"25584,45117"
"137,68800";"6,68453";"25556,42773"
"137,78800";"6,69104";"25511,91992"
"137,88800";"6,69768";"25479,28711"
"137,98800";"6,70461";"25445,18750"
"138,08800";"6,71101";"25403,65820"
"138,18800";"6,71771";"25375,33984"
"138,28800";"6,72446";"25333,98047"
"138,38800";"6,73098";"25295,90820"
"138,48800";"6,73780";"25269,35352"
"138,58800";"6,74443";"25224,99609"
"138,68800";"6,75101";"25186,70312"
"138,78800";"6,75789";"25156,94727"
"138,88800";"6,76440";"25113,73438"
"138,98800";"6,77104";"25080,85352"
"139,08800";"6,77792";"25045,19531"
"139,18800";"6,78437";"24998,80859"
"139,28800";"6,79107";"24967,96484"
"139,38800";"6,79795";"24929,79492"
"139,48800";"6,80434";"24884,14648"
"139,58800";"6,81116";"24855,85938"
"139,68800";"6,81780";"24811,83203"
"139,78800";"6,82431";"24773,27344"
"139,88800";"6,83113";"24741,73047"
"139,98800";"6,83777";"24697,30273"
"140,08800";"6,84434";"24660,73242"
"140,18800";"6,85122";"24625,83594"
"140,28800";"6,85768";"24581,65625"
"140,38800";"6,86437";"24544,53711"
"140,48800";"6,87125";"24508,73633"
"140,58800";"6,87765";"24460,55859"
"140,68800";"6,88446";"24432,53906"
"140,78800";"6,89116";"24387,91406"
"140,88800";"6,89768";"24346,12695"
"140,98800";"6,90455";"24314,43555"
"141,08800";"6,91113";"24264,89648"
"141,18800";"6,91764";"24228,33398"
"141,28800";"6,92458";"24191,29688"
"141,38800";"6,93104";"24146,64258"
"141,48800";"6,93767";"24110,17773"
"141,58800";"6,94455";"24069,34375"
"141,68800";"6,95095";"24021,74805"
"141,78800";"6,95776";"23987,88281"
"141,88800";"6,96452";"23940,92383"
"141,98800";"6,97098";"23896,01953"
"142,08800";"6,97785";"23866,37500"
"142,18800";"6,98449";"23815,97852"
"142,28800";"6,99101";"23773,69727"
"142,38800";"6,99782";"23741,06250"
"142,48800";"7,00440";"23688,19141"
"142,58800";"7,01104";"23647,67578"
"142,68800";"7,01785";"23605,16602"
"142,78800";"7,02431";"23556,94922"
"142,88800";"7,03106";"23518,56641"
"142,98800";"7,03782";"23474,03125"
"143,08800";"7,04434";"23422,90625"
"143,18800";"7,05109";"23385,30469"
"143,28800";"7,05779";"23334,50781"
"143,38800";"7,06431";"23285,81836"
"143,48800";"7,07118";"23246,81250"
"143,58800";"7,07782";"23184,16211"
"143,68800";"7,08440";"23114,43750"
"143,78800";"7,09127";"23009,92383"
"143,81800";"7,09319";"22673,88477"
"143,82000";"7,09343";"22193,82617"
"143,82200";"7,09366";"21403,79688"
"143,82400";"7,09396";"20394,01953"
"143,82600";"7,09426";"19263,71680"
"143,82800";"7,09462";"18049,02344"
"143,83000";"7,09498";"16763,06250"
"143,83200";"7,09534";"15436,59277"
"143,83400";"7,09564";"14102,34082"
"143,83600";"7,09612";"12778,22266"
